model,accuracy,precision,recall,f1_score,mcc,roc_auc,pr_auc
Isolation Forest,0.9975961538461539,0.75,0.8571428571428571,0.8,0.8005988356465704,0.9991941982272361,0.8962585034013606
Random Forest,1.0,1.0,1.0,1.0,1.0,1.0,0.9999999999999998
Autoencoder,0.9879807692307693,0.0,0.0,0.0,-0.006032499299812694,0.9036491308852308,0.09915505255641309
